id,title,slug,published_date,language,minutes_to_read
"1a5c2669-179b-445f-bdbe-9191a87af218","Lalason, une assurance avant tout","lalason-une-assurance-avant-tout","2025-05-13T15:33:22.723Z","fr",2
"d2f93675-6517-4a93-b53d-b78ee2d42527","Impossible de monétiser la vidéo...","monetiser-video","2025-02-05T10:15:12.680Z","fr",2
"fc1fa3ed-9cf0-4b93-bd7e-9fd596f5e91d","Abonné à Lalason ? La suite.","abonné-à-lalason-la-suite","2025-01-14T07:15:08.613Z","fr",3
"26adff4b-4002-42e5-b214-117ecfb2efdd","Trouver Une Musique Sur Lalason","trouver-une-musique-sur-lalason","2025-01-10T07:57:08.597Z","fr",3
"99895c52-774a-4ccf-ba00-ac4b9d22f585","Blocage YouTube : En réalité, ce n'est pas un blocage !","blocage-youtube-en-réalité-ce-n-est-pas-un-blocage","2025-01-06T09:08:08.400Z","fr",4
"e9981eef-9819-4063-9573-d316e3cdae9b","Gratuit ou Payant ?","gratuit-ou-payant","2024-12-16T10:15:12.680Z","fr",2
"a6031ee0-9901-40ca-ab35-8a52902f9cc8","Lalason et L'Evénementiel ","lalason-et-l-evénementiel","2024-08-28T12:00:20.825Z","fr",2
"1228bcc9-faff-48e1-8973-7f068d3d8b91","Lalason x Boris Massot","lalason-x-boris-massot","2024-08-14T12:00:18.257Z","fr",2
"9e5e62de-1f25-457a-a465-75bf1f0bb0af","Lalason en Hotellerie ","lalason-en-hotellerie","2024-07-31T12:00:25.003Z","fr",2
"87219bb0-c4e7-48a2-b9d0-c6cbea14d337","Lalason En Podcast","lalason-en-podcast","2024-07-17T12:00:24.562Z","fr",2
"2e54ddcd-c646-4ff5-bf23-912ae1e1502e","Artistes Emergents ","artistes-emergents","2024-07-03T12:00:26.250Z","fr",2
"4a7a70ee-a877-482b-b126-7c2351bc911f","Playlist Parfaite Libre de Droit ","playlist-parfaite-libre-de-droit","2024-06-19T12:00:25.285Z","fr",2
"3b5983e1-526b-47cc-92a3-401953ba5bb7","Musique Libre : Le Guide","musique-libre-le-guide","2024-06-05T12:00:19.710Z","fr",2
"2e3f2431-bed5-4aa9-87ad-425def98a95d","Lalason Dans Mon Restaurant","lalason-dans-mon-restaurant","2024-05-22T12:00:24.621Z","fr",2
"3e73a43c-9258-4b36-93e7-f0c727575374","Lalason En Magasin","lalason-en-magasin","2024-05-08T12:00:17.074Z","fr",2
"8a9af947-11e0-42b7-8caf-f1b58b7d757c","Lalason Au Téléphone","lalason-au-téléphone","2024-04-24T12:00:19.569Z","fr",2
"3a2e0d32-449c-4635-9f83-1de4cd856d2e","Evolution de La Musique Libre De Droit","evolution-de-la-musique-libre-de-droit","2024-04-10T12:00:11.594Z","fr",2
"f806cd20-30ec-4aef-8eb5-cbfb58541239","Témoignages de Créateurs ","témoignages-de-créateurs","2024-03-27T13:00:21.511Z","fr",2
"01748e2a-e8d8-4bb4-ada8-c63c96612bff","Intégrer de la Musique Libre De Droit En Tout Genre","intégrer-de-la-musique-libre-de-droit-en-tout-genre","2024-03-13T13:00:45.465Z","fr",2
"a5d61a7d-ef58-4b14-a2bf-d943a88c9e25","Les Tendances Musicales","les-tendances-musicales","2024-02-28T13:00:23.031Z","fr",2
"32a96381-833f-42cd-83fa-0fdcfe564cfe","Avantages de la Musique Libre","avantages-de-la-musique-libre","2024-02-14T13:00:22.773Z","fr",2
"70e546da-ebde-4e02-a4fb-42da8b10c5b9","Lalason et Qualité","lalason-et-qualité","2024-01-31T12:00:23.453Z","fr",2
"1cf138cc-2c62-42f4-9ea6-63c5412fb70d","Lalason pour les Commerces","lalason-pour-les-commerces","2024-01-18T09:34:25.898Z","fr",2
"45770466-b5d3-4f59-b77e-17e168bf65ac","Piano et Violon : Musiques Libres de Droits","piano-et-violon-musiques-libres-de-droits","2023-11-29T13:22:55.915Z","fr",3
"77df6646-445a-41ac-b14a-0786f9dc8045","Découvrez une Navigation Intuitive : Comment Explorer et Trouver la Musique Parfaite sur Lalason","découvrez-une-navigation-intuitive-comment-explorer-et-trouver-la-musique-parfaite-sur-lalason","2023-11-14T15:24:53.745Z","fr",2
"c234eca5-213a-420f-b657-23b1f63f361a","Le Guide Ultime pour Trouver la Meilleure Musique Libre de Droit, un atout pour votre succès","le-guide-ultime-pour-trouver-la-meilleure-musique-libre-de-droit-un-atout-pour-votre-succes","2023-11-01T13:51:03.548Z","fr",3
"4acdd59a-2361-479e-ae4b-e855e61aceb0","Comment Choisir la Musique Libre de Droit Parfaite pour Votre Projet","comment-choisir-la-musique-libre-de-droit-parfaite-pour-votre-projet","2023-10-23T13:01:17.046Z","fr",3
"239663d2-834c-4cd5-b0e9-08c100591ab1","Pourquoi Youtube A Bloqué Votre Vidéo ? ","pourquoi-youtube-a-bloqué-votre-vidéo","2023-10-16T10:14:48.630Z","fr",2
"894264c5-280e-4d3f-8a9a-904347ac7df7","Explorer le Paysage Sonore : Un Guide Complet pour Choisir la Meilleure Musique Libre de Droit","explorer-le-paysage-sonore-un-guide-complet-pour-choisir-la-meilleure-musique-libre-de-droit","2023-10-09T12:58:07.537Z","fr",3
"c9c0a4d1-1768-4e42-b9a1-1dccdf3f2354","Comme disait Michel...","comme-disait-michel","2023-09-27T08:09:57.162Z","fr",2
"cbaaf103-7c7f-4581-a200-7d21fbd98281","L'Art Subtil de Sélectionner la Musique Libre de Droit Parfaite : Une Odyssée Créative Étoffée","l-art-subtil-de-selectionner-la-musique-libre-de-droit-parfaite-une-odyssee-creative-etoffee","2023-09-25T12:46:03.982Z","fr",3
"67d2166f-cdd5-4c1f-aa85-67b133770ae3","Pourquoi la Meilleure Musique Libre de Droit est aussi Originale : Un Guide Complet","pourquoi-la-meilleure-musique-libre-de-droit-est-aussi-originale-un-guide-complet","2023-09-13T15:55:15.849Z","fr",3
"35c3853d-c107-4415-b2cd-93ac058c645b","Vous avez dit Lalason ? ","vous-avez-dit-lalason","2023-09-04T12:17:00.073Z","fr",2
"2b71c0c5-693f-4a5a-af1b-3eb7d0c4f5f4","Artistes, Amis d'Artistes, Amis d'Amis d'Artistes...","artistes-amis-d-artistes-amis-d-amis-d-artistes","2023-08-16T12:51:45.260Z","fr",2
"da5877d4-4db3-4cf0-a1fa-b90aea4a32e0","La révolution de la musique libre de droits","musique-libre-de-droits-lalason","2023-06-12T19:51:51.423Z","fr",2
"76b87ea9-9b0b-4fbd-beec-35f555b15276","L’ultime raison qui fait de Lalason un concept unique en son genre","plateforme-de-musique-libre-de-droits","2023-06-02T09:03:38.365Z","fr",2
"191d222c-7242-4344-9c5f-3068f38e9c26","Pourquoi utiliser de la musique libre de droits Lalason sur YouTube ?","musique-video-youtube","2023-06-02T08:59:26.850Z","fr",2
"9ddb930d-e5d7-46a9-b28e-7b0388619ddc","5 Raisons d'utiliser LALASON ","5-raisons-d-utiliser-la-musique-libre-de-droits","2023-06-02T08:49:50.610Z","fr",1
